A[C>A]A,26
A[C>A]C,31
A[C>A]G,21
A[C>A]T,25
A[C>G]A,4
A[C>G]C,4
A[C>G]G,3
A[C>G]T,9
A[C>T]A,13
A[C>T]C,9
A[C>T]G,12
A[C>T]T,6
A[T>A]A,6
A[T>A]C,2
A[T>A]G,7
A[T>A]T,2
A[T>C]A,7
A[T>C]C,3
A[T>C]G,5
A[T>C]T,2
A[T>G]A,1
A[T>G]C,0
A[T>G]G,0
A[T>G]T,0
C[C>A]A,56
C[C>A]C,50
C[C>A]G,30
C[C>A]T,45
C[C>G]A,14
C[C>G]C,3
C[C>G]G,3
C[C>G]T,6
C[C>T]A,22
C[C>T]C,19
C[C>T]G,13
C[C>T]T,14
C[T>A]A,3
C[T>A]C,8
C[T>A]G,24
C[T>A]T,8
C[T>C]A,5
C[T>C]C,4
C[T>C]G,7
C[T>C]T,3
C[T>G]A,1
C[T>G]C,2
C[T>G]G,3
C[T>G]T,2
G[C>A]A,33
G[C>A]C,35
G[C>A]G,25
G[C>A]T,18
G[C>G]A,7
G[C>G]C,6
G[C>G]G,1
G[C>G]T,3
G[C>T]A,10
G[C>T]C,8
G[C>T]G,13
G[C>T]T,7
G[T>A]A,6
G[T>A]C,5
G[T>A]G,5
G[T>A]T,2
G[T>C]A,4
G[T>C]C,3
G[T>C]G,1
G[T>C]T,3
G[T>G]A,0
G[T>G]C,0
G[T>G]G,0
G[T>G]T,2
T[C>A]A,31
T[C>A]C,34
T[C>A]G,11
T[C>A]T,35
T[C>G]A,38
T[C>G]C,17
T[C>G]G,7
T[C>G]T,51
T[C>T]A,52
T[C>T]C,29
T[C>T]G,25
T[C>T]T,27
T[T>A]A,5
T[T>A]C,3
T[T>A]G,9
T[T>A]T,5
T[T>C]A,4
T[T>C]C,2
T[T>C]G,2
T[T>C]T,2
T[T>G]A,0
T[T>G]C,1
T[T>G]G,3
T[T>G]T,2
